TrialNumber,Parameters,Sensor Latitude Accuracy,Sensor Longitude Accuracy
1,0--0,-0.084094,0.016367
2,0--5,17.000101,19.751403
3,0--10,50.498157,36.376358
4,0--15,45.653744,16.416676
5,0--20,41.764433,23.848692
6,0--25,43.670556,24.921074
7,0--30,43.171919,24.362026
8,0--35,47.964668,31.715840
9,0--40,43.600811,25.587235
10,0--45,45.319313,28.436170
11,0--50,44.820008,28.006159
12,0--55,53.019175,39.090520
13,0--60,48.198740,33.207553
14,0--65,57.482993,40.712353
15,0--70,54.873500,37.223534
16,0--75,50.276925,36.023291
17,0--80,44.448434,29.219697
18,0--85,63.398986,44.628217
19,0--90,53.258362,36.396577
20,0--95,67.448866,50.777599
21,0--100,44.314711,29.193757
22,0--105,55.27067,38.64181
23,0--110,66.722612,48.841863
24,0--115,54.209681,38.267532
25,0--120,77.335380,61.461973
26,0--125,75.211257,58.390825
27,0--130,75.037401,57.748012
28,0--135,66.257491,47.714923
29,0--140,74.251724,60.167504
30,0--145,77.535111,61.528561
31,0--150,38.898424,23.416774
32,0--155,73.466022,57.426007
33,0--160,76.119263,61.946726
34,0--165,77.904101,61.560486
35,0--170,77.222862,62.481780
36,0--175,78.020965,61.432925
37,0--180,76.446739,63.841677
38,0--185,76.804224,62.788674
39,0--190,78.810959,60.814654
40,0--195,78.634428,61.481641
41,5--0,0.056635,-0.423163
42,5--5,42.121908,21.269129
43,5--10,46.166856,29.894296
44,5--15,47.214730,32.536146
45,5--20,57.974365,42.104260
46,5--25,59.056716,41.468304
47,5--30,68.331901,50.642154
48,5--35,77.622387,60.066379
49,5--40,37.486579,22.458148
50,5--45,77.087888,60.231073
51,5--50,78.961202,61.599676
52,5--55,77.724624,62.502051
53,5--60,78.395838,62.702985
54,5--65,79.004309,61.660005
55,5--70,78.113381,62.070689
56,5--75,79.955879,62.723469
57,5--80,37.302316,22.731956
58,5--85,78.831129,61.799065
59,5--90,78.796013,60.926956
60,5--95,78.982750,61.208709
61,5--100,78.945368,61.379709
62,5--105,96.437672,97.098798
63,5--110,95.374667,93.079046
64,5--115,79.038154,61.665231
65,5--120,78.974216,61.526073
66,5--125,79.169459,62.374993
67,5--130,96.993808,97.156367
68,5--135,92.978351,91.650270
69,5--140,95.162618,95.149027
70,5--145,78.667773,61.516757
71,5--150,97.018309,96.885381
72,5--155,79.193269,61.580473
73,5--160,96.995746,96.968178
74,5--165,80.564145,64.778625
75,5--170,79.149433,62.287971
76,5--175,96.678836,97.601333
77,5--180,78.905117,60.997816
78,5--185,78.995329,62.276705
79,5--190,96.890208,97.835137
80,5--195,78.614963,62.222675
81,10--0,-0.142194,-0.030663
82,10--5,52.230377,32.489315
83,10--10,43.219039,25.548219
84,10--15,46.419013,29.396986
85,10--20,52.957016,41.368136
86,10--25,60.101618,46.348317
87,10--30,46.839256,32.023903
88,10--35,60.763222,41.256602
89,10--40,71.642222,58.577433
90,10--45,76.933087,61.408879
91,10--50,71.389673,50.267004
92,10--55,75.256099,59.417010
93,10--60,76.425024,60.596499
94,10--65,76.287351,58.891230
95,10--70,74.445106,60.332986
96,10--75,79.379423,63.817308
97,10--80,78.122149,61.959567
98,10--85,78.613542,60.991696
99,10--90,77.394746,61.111336
100,10--95,37.953527,22.565961
101,10--100,76.712546,63.791787
102,10--105,79.093716,61.704052
103,10--110,78.633199,61.666042
104,10--115,79.253117,61.482436
105,10--120,81.102171,67.467349
106,10--125,79.219025,61.503147
107,10--130,37.514437,22.574778
108,10--135,80.036178,65.798713
109,10--140,87.678979,76.083085
110,10--145,86.140902,82.518538
111,10--150,79.414855,61.946303
112,10--155,79.403630,61.562434
113,10--160,78.929035,61.148789
114,10--165,82.739069,68.703754
115,10--170,78.772173,61.193164
116,10--175,82.318609,68.965871
117,10--180,87.837890,79.792191
118,10--185,96.848327,97.688154
119,10--190,85.580505,83.368438
120,10--195,79.071340,61.926473
121,15--0,-0.040472,-0.015491
122,15--5,52.435707,36.840713
123,15--10,40.345283,22.030661
124,15--15,40.549124,21.371174
125,15--20,43.685303,25.997226
126,15--25,48.703007,33.058615
127,15--30,49.050187,35.009012
128,15--35,60.679181,45.854766
129,15--40,67.708190,50.599265
130,15--45,54.710973,38.120461
131,15--50,70.205418,52.504645
132,15--55,42.840826,27.527172
133,15--60,72.006630,54.020631
134,15--65,74.869573,58.293826
135,15--70,62.277367,43.573959
136,15--75,76.926722,60.980707
137,15--80,76.207897,62.954589
138,15--85,77.996936,61.161167
139,15--90,76.351921,61.586657
140,15--95,77.392922,61.305792
141,15--100,78.740582,61.761825
142,15--105,76.889865,62.807767
143,15--110,77.484870,73.416823
144,15--115,78.055854,61.520109
145,15--120,78.943751,61.901824
146,15--125,77.992306,62.607629
147,15--130,77.972143,62.804894
148,15--135,79.735727,63.047839
149,15--140,78.386823,62.036633
150,15--145,78.397166,60.353948
151,15--150,96.307017,95.344946
152,15--155,95.802702,94.044167
153,15--160,93.644136,88.981769
154,15--165,93.462824,87.785962
155,15--170,79.565466,60.561595
156,15--175,95.592116,94.334472
157,15--180,93.389614,82.775450
158,15--185,78.881871,61.423259
159,15--190,79.380095,60.926710
160,15--195,84.416635,67.405592
161,20--0,0.594547,-0.934099
162,20--5,51.095040,32.737046
163,20--10,39.500579,26.488788
164,20--15,40.370423,22.127011
165,20--20,43.174510,25.562562
166,20--25,45.206288,27.948517
167,20--30,51.458453,35.971910
168,20--35,46.641212,28.270958
169,20--40,44.262277,27.477693
170,20--45,60.976370,40.874324
171,20--50,63.178249,43.497282
172,20--55,72.499204,56.707104
173,20--60,61.48384,42.70190
174,20--65,68.287506,53.539218
175,20--70,72.852410,57.452558
176,20--75,71.113343,57.699558
177,20--80,75.817398,58.886037
178,20--85,76.162918,61.517071
179,20--90,68.795659,47.391124
180,20--95,77.784318,62.354247
181,20--100,76.624052,57.270106
182,20--105,77.515225,63.055975
183,20--110,78.123203,60.073650
184,20--115,76.236635,62.601088
185,20--120,77.021276,60.566067
186,20--125,78.310270,61.788668
187,20--130,78.268958,61.829905
188,20--135,77.571994,69.928278
189,20--140,79.222880,61.174037
190,20--145,78.677529,62.213055
191,20--150,78.340359,61.204737
192,20--155,77.947716,62.078179
193,20--160,81.459475,70.266596
194,20--165,78.888745,61.547999
195,20--170,79.647137,61.131962
196,20--175,79.505019,62.972494
197,20--180,82.802018,71.043805
198,20--185,78.746085,62.144120
199,20--190,78.299915,61.381525
200,20--195,80.785787,69.687391
201,25--0,-0.218584,0.021125
202,25--5,23.176078,25.127101
203,25--10,43.189551,36.265021
204,25--15,36.065935,34.467797
205,25--20,44.338987,26.001390
206,25--25,45.249455,28.139489
207,25--30,51.164512,34.994587
208,25--35,52.082016,37.148317
209,25--40,53.175817,35.044506
210,25--45,48.181845,32.497123
211,25--50,54.655791,36.163980
212,25--55,55.502211,37.181027
213,25--60,58.247151,40.362093
214,25--65,66.254079,48.159815
215,25--70,63.228728,46.589866
216,25--75,62.627474,45.918867
217,25--80,77.549341,58.071250
218,25--85,70.771238,51.757228
219,25--90,71.401761,56.965469
220,25--95,74.719212,54.180393
221,25--100,77.748701,61.998954
222,25--105,64.173607,44.896392
223,25--110,76.248394,60.533170
224,25--115,77.316889,61.330565
225,25--120,77.336264,62.007389
226,25--125,76.036457,64.365440
227,25--130,78.191978,62.481481
228,25--135,77.585113,62.215923
229,25--140,77.727561,61.150920
230,25--145,37.937986,22.687339
231,25--150,78.186258,62.441821
232,25--155,77.900990,62.822559
233,25--160,80.181972,63.751006
234,25--165,77.474344,63.006229
235,25--170,76.798661,62.765412
236,25--175,78.764195,62.195723
237,25--180,76.310699,76.622475
238,25--185,81.556228,63.946521
239,25--190,78.325795,62.760100
240,25--195,77.954335,63.009254
241,30--0,0.201552,-0.456444
242,30--5,15.001971,20.697256
243,30--10,34.572918,35.348394
244,30--15,30.107576,31.074849
245,30--20,42.784358,24.083399
246,30--25,43.435049,25.182689
247,30--30,44.156877,27.991472
248,30--35,45.737274,28.242280
249,30--40,47.225017,30.706223
250,30--45,45.076440,29.986819
251,30--50,45.016148,28.682713
252,30--55,49.145598,33.024631
253,30--60,56.610027,40.644155
254,30--65,65.566104,47.291478
255,30--70,59.386988,40.736996
256,30--75,49.692234,34.493672
257,30--80,61.959583,47.286881
258,30--85,68.596491,52.784545
259,30--90,61.545641,46.340385
260,30--95,66.087142,47.151700
261,30--100,64.955463,46.688163
262,30--105,75.214097,62.603012
263,30--110,72.761925,59.699812
264,30--115,71.294217,51.230529
265,30--120,74.393832,61.029339
266,30--125,77.075088,61.594098
267,30--130,76.219798,61.183197
268,30--135,78.779505,63.812893
269,30--140,73.280590,55.230289
270,30--145,78.067500,62.744996
271,30--150,78.528509,61.093074
272,30--155,77.011778,62.931950
273,30--160,72.172578,56.724573
274,30--165,74.471138,56.219149
275,30--170,79.737915,60.824311
276,30--175,72.970976,55.668905
277,30--180,77.970226,64.032230
278,30--185,75.699925,84.842032
279,30--190,77.930528,63.162787
280,30--195,77.638990,61.850602
281,35--0,-0.351001,-0.264424
282,35--5,11.439872,15.629829
283,35--10,45.080975,36.518107
284,35--15,46.423800,37.099443
285,35--20,44.719731,12.609809
286,35--25,40.882095,37.257488
287,35--30,39.863999,23.201966
288,35--35,43.532768,25.560994
289,35--40,43.534682,25.654402
290,35--45,45.288059,28.232975
291,35--50,46.056004,29.999819
292,35--55,43.732726,25.811816
293,35--60,49.546682,34.224180
294,35--65,50.351524,35.050528
295,35--70,64.861330,47.635537
296,35--75,44.011381,27.323685
297,35--80,62.067038,42.613504
298,35--85,63.385091,45.094096
299,35--90,68.288909,49.383264
300,35--95,54.725345,38.313129
301,35--100,67.152629,53.928774
302,35--105,76.506555,58.323855
303,35--110,63.501181,47.936210
304,35--115,59.401990,41.485207
305,35--120,68.883546,50.176152
306,35--125,70.89700,54.44303
307,35--130,70.729894,56.421950
308,35--135,74.156626,61.285710
309,35--140,68.886692,52.583520
310,35--145,74.344061,58.666971
311,35--150,78.038036,61.907964
312,35--155,58.928302,41.561268
313,35--160,72.064162,59.406972
314,35--165,74.186738,57.361141
315,35--170,77.136991,61.539551
316,35--175,77.888030,61.787534
317,35--180,75.174406,54.700597
318,35--185,78.097612,61.154356
319,35--190,77.684234,59.840926
320,35--195,77.670230,62.595548
321,40--0,-0.075971,-0.361197
322,40--5,11.275979,12.156889
323,40--10,39.278418,33.441099
324,40--15,51.152828,25.441778
325,40--20,52.181009,36.484708
326,40--25,47.662501,13.646829
327,40--30,44.263415,27.579267
328,40--35,41.324503,23.062758
329,40--40,41.859962,23.500301
330,40--45,43.558909,25.979366
331,40--50,44.384927,27.340605
332,40--55,47.982978,32.018964
333,40--60,51.820754,37.091023
334,40--65,46.948204,32.343958
335,40--70,54.945125,37.316092
336,40--75,55.067498,38.589502
337,40--80,54.283122,39.416181
338,40--85,57.406193,42.110131
339,40--90,53.538562,37.992069
340,40--95,61.254846,44.738177
341,40--100,67.508763,55.373315
342,40--105,62.382417,47.124995
343,40--110,61.697930,43.377704
344,40--115,64.548699,45.876792
345,40--120,64.620588,48.998147
346,40--125,60.598729,42.786517
347,40--130,68.400576,49.814011
348,40--135,71.650401,54.623296
349,40--140,73.102745,59.807801
350,40--145,73.209397,55.796652
351,40--150,72.482062,58.485321
352,40--155,72.859228,57.524759
353,40--160,71.992110,55.211904
354,40--165,77.739777,61.547133
355,40--170,76.756653,60.188443
356,40--175,73.025919,55.043117
357,40--180,77.276887,60.509779
358,40--185,76.616649,63.532835
359,40--190,77.685520,62.180758
360,40--195,77.021391,62.736255
361,45--0,0.022306,-0.039909
362,45--5,10.633125,13.339950
363,45--10,51.785819,36.189918
364,45--15,43.900972,36.206909
365,45--20,45.103933,7.754226
366,45--25,40.968645,22.870864
367,45--30,47.290183,19.577721
368,45--35,41.427955,23.273186
369,45--40,44.215886,27.526030
370,45--45,42.659620,24.618616
371,45--50,43.464699,25.768877
372,45--55,44.453571,26.991083
373,45--60,48.808637,33.194598
374,45--65,52.444981,38.824286
375,45--70,52.237122,35.413710
376,45--75,54.855819,40.410611
377,45--80,44.778397,29.420923
378,45--85,52.344347,39.888451
379,45--90,60.661328,42.472455
380,45--95,51.233744,37.513236
381,45--100,67.277306,50.727132
382,45--105,50.433626,35.986649
383,45--110,69.220192,55.776896
384,45--115,69.689195,56.574152
385,45--120,61.261265,43.886018
386,45--125,63.895662,46.190733
387,45--130,44.978407,30.066135
388,45--135,74.716977,60.796486
389,45--140,64.707429,47.987277
390,45--145,75.681784,60.339263
391,45--150,63.178822,47.533801
392,45--155,72.403472,56.208337
393,45--160,76.494013,61.771495
394,45--165,77.068387,61.180272
395,45--170,75.619320,60.064527
396,45--175,78.057428,62.250135
397,45--180,76.649711,62.336420
398,45--185,78.446687,61.488676
399,45--190,77.496167,60.235359
400,45--195,78.057682,61.952748
401,50--0,0.174471,-0.228905
402,50--5,10.123571,9.802095
403,50--10,32.145915,24.145268
404,50--15,27.287951,28.625807
405,50--20,35.996077,16.355014
406,50--25,40.758582,21.045713
407,50--30,41.383929,23.453303
408,50--35,42.530849,24.139822
409,50--40,42.801880,25.187571
410,50--45,46.326238,27.533320
411,50--50,41.907257,24.389659
412,50--55,43.318630,25.204475
413,50--60,55.854723,37.524515
414,50--65,49.594977,34.228365
415,50--70,50.210453,35.211225
416,50--75,53.466802,37.634782
417,50--80,53.778186,37.255256
418,50--85,47.226176,31.327468
419,50--90,54.504006,39.908244
420,50--95,55.339450,37.402909
421,50--100,56.559184,40.280260
422,50--105,53.528325,38.666128
423,50--110,60.513749,45.127207
424,50--115,64.368425,45.776334
425,50--120,66.649251,49.073640
426,50--125,49.412952,35.090797
427,50--130,68.670623,51.083457
428,50--135,69.544508,52.953597
429,50--140,69.847038,53.022195
430,50--145,69.653298,48.378438
431,50--150,61.164110,43.757062
432,50--155,62.652090,44.100149
433,50--160,66.986217,49.716053
434,50--165,72.887490,57.824939
435,50--170,74.327140,61.777851
436,50--175,68.000850,49.012814
437,50--180,37.648009,22.539962
438,50--185,76.669588,61.197110
439,50--190,67.875810,51.126945
440,50--195,75.121116,58.813547
441,55--0,-0.082161,0.032850
442,55--5,10.524532,11.629412
443,55--10,18.942968,22.558527
444,55--15,40.393913,34.106282
445,55--20,51.935248,28.575456
446,55--25,40.685115,21.986492
447,55--30,39.038754,19.858798
448,55--35,39.382675,19.448447
449,55--40,42.047731,23.439525
450,55--45,43.728209,26.881857
451,55--50,45.155769,28.117481
452,55--55,48.985738,33.233136
453,55--60,43.603944,26.267396
454,55--65,48.445677,32.072087
455,55--70,43.139494,25.621079
456,55--75,46.636526,29.449497
457,55--80,52.109384,36.840439
458,55--85,46.383351,29.878285
459,55--90,46.176783,29.365663
460,55--95,55.958718,40.260132
461,55--100,52.279554,35.953547
462,55--105,55.778286,40.974692
463,55--110,68.308800,52.773809
464,55--115,65.627418,49.362946
465,55--120,68.201267,52.789662
466,55--125,60.003071,44.496847
467,55--130,66.608150,47.755039
468,55--135,53.073295,37.950665
469,55--140,61.164656,43.459808
470,55--145,65.351409,49.245666
471,55--150,66.765164,57.479598
472,55--155,71.691896,57.839083
473,55--160,63.395377,44.787853
474,55--165,65.026184,43.536102
475,55--170,63.271541,45.746709
476,55--175,76.021991,60.939297
477,55--180,76.347758,63.061081
478,55--185,76.082505,61.660908
479,55--190,75.257325,58.725665
480,55--195,73.261459,58.271027
481,60--0,0.217888,-0.108719
482,60--5,6.556513,9.766628
483,60--10,21.238075,16.714799
484,60--15,43.648039,34.345427
485,60--20,52.074672,36.664988
486,60--25,25.782484,28.115312
487,60--30,38.575901,17.550341
488,60--35,41.228827,22.397220
489,60--40,42.335222,23.729932
490,60--45,40.964564,22.200842
491,60--50,44.304024,26.623035
492,60--55,43.797063,26.345267
493,60--60,42.469284,25.062329
494,60--65,44.774633,27.943513
495,60--70,44.003061,26.571893
496,60--75,43.601917,25.886453
497,60--80,53.761564,43.980826
498,60--85,43.990971,26.551848
499,60--90,48.517155,32.999800
500,60--95,63.570114,48.751118
501,60--100,53.603985,37.714503
502,60--105,48.642907,33.897144
503,60--110,49.543979,34.604396
504,60--115,46.068881,30.352319
505,60--120,44.624183,28.731748
506,60--125,52.504559,40.237312
507,60--130,54.545215,38.126875
508,60--135,61.017492,41.120195
509,60--140,51.799797,35.881627
510,60--145,65.385533,53.554466
511,60--150,48.585810,33.161409
512,60--155,57.370022,40.753881
513,60--160,71.918485,59.195090
514,60--165,57.182592,40.409046
515,60--170,66.120868,50.575814
516,60--175,60.305431,44.570443
517,60--180,74.997758,61.337862
518,60--185,45.927725,30.993296
519,60--190,64.854792,46.409050
520,60--195,55.149899,38.790697
521,65--0,0.215736,0.124867
522,65--5,5.568995,6.491505
523,65--10,14.521931,19.136628
524,65--15,26.702840,31.863129
525,65--20,52.312195,35.979091
526,65--25,30.019261,31.044863
527,65--30,30.123331,31.070321
528,65--35,41.293764,21.315929
529,65--40,43.277296,12.495406
530,65--45,43.150691,24.782483
531,65--50,42.261918,24.804780
532,65--55,43.912378,26.289841
533,65--60,42.801251,25.927407
534,65--65,44.729750,27.346371
535,65--70,42.621652,25.945173
536,65--75,44.411001,27.240777
537,65--80,43.844228,26.117174
538,65--85,47.579611,32.478083
539,65--90,43.809219,26.052584
540,65--95,52.223437,36.605654
541,65--100,45.401830,28.987442
542,65--105,53.596102,42.878966
543,65--110,53.384438,42.432620
544,65--115,52.212461,37.013723
545,65--120,48.285693,32.714704
546,65--125,54.073949,39.804821
547,65--130,60.327010,43.643152
548,65--135,47.022968,32.358956
549,65--140,59.998666,43.558531
550,65--145,59.507282,42.522200
551,65--150,66.784203,52.637624
552,65--155,54.345581,37.970915
553,65--160,57.043055,39.013120
554,65--165,57.198672,40.652868
555,65--170,65.044264,46.352256
556,65--175,64.400012,47.229840
557,65--180,70.761772,51.943739
558,65--185,71.866169,58.255378
559,65--190,63.470068,44.507814
560,65--195,69.137881,47.261721
561,70--0,0.002884,0.118045
562,70--5,5.650502,8.323675
563,70--10,17.587873,16.789835
564,70--15,45.001853,36.664921
565,70--20,53.100143,36.692553
566,70--25,25.795646,28.088696
567,70--30,37.226601,19.870781
568,70--35,37.842384,21.476627
569,70--40,40.582201,22.963129
570,70--45,43.719154,26.052081
571,70--50,44.366829,39.507210
572,70--55,45.799304,29.163009
573,70--60,40.479549,22.393304
574,70--65,42.386013,21.711249
575,70--70,45.751031,30.415132
576,70--75,43.437898,27.053344
577,70--80,53.106874,36.592843
578,70--85,54.25344,43.95297
579,70--90,48.854741,32.864813
580,70--95,51.388734,36.911302
581,70--100,45.386430,29.628754
582,70--105,48.915206,34.022692
583,70--110,62.391190,44.733719
584,70--115,55.549069,39.305619
585,70--120,51.023380,35.622834
586,70--125,61.859778,46.078200
587,70--130,53.171963,38.149089
588,70--135,57.775270,42.905572
589,70--140,59.827834,42.757427
590,70--145,56.753461,40.618187
591,70--150,56.706783,40.138801
592,70--155,70.103326,54.958083
593,70--160,67.202956,50.230156
594,70--165,60.923893,42.043664
595,70--170,58.834017,40.807699
596,70--175,70.555263,54.695295
597,70--180,72.448583,57.750222
598,70--185,76.600216,60.270760
599,70--190,69.557435,53.108381
600,70--195,66.014759,49.511887
601,75--0,0.0,0.0
602,75--5,5.571056,6.862401
603,75--10,22.053339,26.030090
604,75--15,44.605589,32.422580
605,75--20,35.389828,29.799410
606,75--25,29.898597,15.829158
607,75--30,38.521684,15.131128
608,75--35,39.911064,15.337622
609,75--40,42.461570,24.800859
610,75--45,41.818725,23.759560
611,75--50,43.732625,26.145929
612,75--55,41.385018,23.671356
613,75--60,42.670535,23.188616
614,75--65,44.403525,26.123763
615,75--70,44.986599,27.205420
616,75--75,42.071011,24.641961
617,75--80,46.110533,29.575039
618,75--85,47.408836,30.887786
619,75--90,51.293565,36.872802
620,75--95,54.064918,43.689339
621,75--100,45.118249,29.651199
622,75--105,46.582883,29.252744
623,75--110,43.705225,27.932491
624,75--115,47.488556,32.207451
625,75--120,54.292410,37.125058
626,75--125,47.379176,31.709512
627,75--130,65.857489,52.014296
628,75--135,62.940832,41.996851
629,75--140,64.250274,47.935901
630,75--145,49.158016,34.406338
631,75--150,66.517860,45.778784
632,75--155,57.286308,42.126673
633,75--160,67.200474,51.366726
634,75--165,52.982516,36.390899
635,75--170,59.813777,42.678927
636,75--175,69.549199,53.521572
637,75--180,68.565089,51.504007
638,75--185,72.201196,57.345213
639,75--190,70.290984,53.212471
640,75--195,60.455463,42.930002
641,80--0,-0.101010,0.376649
642,80--5,4.418206,5.276524
643,80--10,17.642125,13.113758
644,80--15,19.028315,23.104508
645,80--20,49.354452,33.170747
646,80--25,46.227767,34.913824
647,80--30,52.424201,32.713165
648,80--35,52.163012,36.778116
649,80--40,52.036707,17.679123
650,80--45,42.895097,24.815899
651,80--50,41.104628,22.695545
652,80--55,42.585699,22.083789
653,80--60,43.774075,13.379224
654,80--65,41.068475,22.693967
655,80--70,42.363803,24.764273
656,80--75,42.706719,24.886358
657,80--80,42.816698,24.571265
658,80--85,44.830136,27.888417
659,80--90,43.695865,25.882537
660,80--95,49.565637,34.136093
661,80--100,53.036377,36.041238
662,80--105,42.538274,25.304073
663,80--110,48.461922,33.415619
664,80--115,44.259192,26.223395
665,80--120,47.962098,32.611097
666,80--125,53.918277,37.339381
667,80--130,48.337565,33.699899
668,80--135,44.667886,28.320959
669,80--140,47.089886,31.833047
670,80--145,65.296177,50.356003
671,80--150,54.547726,38.920181
672,80--155,47.777687,32.187184
673,80--160,59.351893,42.349111
674,80--165,52.607550,36.042066
675,80--170,62.953159,46.118685
676,80--175,63.999474,43.641150
677,80--180,56.443952,39.374356
678,80--185,56.932167,39.666526
679,80--190,63.251287,44.914216
680,80--195,50.321718,34.880372
681,85--0,-0.076716,0.000963
682,85--5,4.779834,5.593431
683,85--10,13.031645,17.078161
684,85--15,20.016052,22.411897
685,85--20,38.397359,33.581165
686,85--25,51.544563,37.125442
687,85--30,49.206455,15.245966
688,85--35,46.193970,31.206496
689,85--40,30.119499,31.094566
690,85--45,33.567433,24.005425
691,85--50,40.806513,23.413834
692,85--55,39.948157,20.656715
693,85--60,38.880665,25.611140
694,85--65,43.728580,26.559406
695,85--70,42.064113,23.668532
696,85--75,45.112393,27.392311
697,85--80,43.472637,26.638836
698,85--85,43.274647,26.096624
699,85--90,42.454667,24.686365
700,85--95,40.845309,22.940567
701,85--100,55.770968,39.285169
702,85--105,42.490415,24.786038
703,85--110,46.546884,30.688276
704,85--115,41.153264,24.037068
705,85--120,44.340732,27.528482
706,85--125,46.170169,30.553366
707,85--130,52.228196,38.086235
708,85--135,56.336075,41.701434
709,85--140,61.864006,44.911318
710,85--145,53.777473,38.014575
711,85--150,53.279550,42.163243
712,85--155,50.792329,35.071176
713,85--160,59.375185,43.901526
714,85--165,48.133473,33.031620
715,85--170,61.943054,43.074663
716,85--175,63.246154,45.190718
717,85--180,54.897539,40.241442
718,85--185,49.152120,33.491516
719,85--190,65.017985,46.939334
720,85--195,54.310225,37.111378
721,90--0,-0.059807,0.522240
722,90--5,4.868174,5.177848
723,90--10,10.875503,10.335801
724,90--15,18.548283,22.767351
725,90--20,32.930703,32.003168
726,90--25,49.792538,36.363521
727,90--30,46.644417,37.668581
728,90--35,42.379958,11.951405
729,90--40,50.783855,36.754893
730,90--45,40.184057,20.359894
731,90--50,42.304315,23.227006
732,90--55,41.964404,24.085958
733,90--60,40.945566,22.212809
734,90--65,43.603573,23.962272
735,90--70,44.429282,27.297402
736,90--75,41.970295,23.457012
737,90--80,42.950875,25.517196
738,90--85,43.030806,25.218227
739,90--90,50.842911,43.180228
740,90--95,44.664803,27.525395
741,90--100,52.715357,43.853226
742,90--105,45.530373,29.701733
743,90--110,45.859584,30.126349
744,90--115,50.439409,35.736613
745,90--120,47.972945,32.674165
746,90--125,49.714958,33.885907
747,90--130,57.338723,39.836486
748,90--135,47.343277,32.720246
749,90--140,53.593743,42.875080
750,90--145,54.629385,39.431525
751,90--150,48.940800,32.651528
752,90--155,46.089656,30.814887
753,90--160,45.833736,29.734428
754,90--165,51.912423,36.889103
755,90--170,55.608382,39.234898
756,90--175,62.740505,45.393883
757,90--180,60.396137,43.409276
758,90--185,60.574052,42.468026
759,90--190,63.302900,43.124781
760,90--195,67.826972,53.579210
761,95--0,-0.00025,-0.07002
762,95--5,4.575336,5.471556
763,95--10,8.238446,10.703259
764,95--15,17.870915,22.641269
765,95--20,39.064469,36.770414
766,95--25,51.485729,36.707010
767,95--30,34.414156,25.303005
768,95--35,52.369344,37.552297
769,95--40,39.399008,15.724020
770,95--45,48.561095,8.681451
771,95--50,40.976186,22.392330
772,95--55,39.176483,36.207664
773,95--60,41.293885,23.061715
774,95--65,40.942362,22.502681
775,95--70,41.101365,22.915279
776,95--75,42.489013,24.083431
777,95--80,48.278175,42.098265
778,95--85,44.706503,27.610661
779,95--90,43.495008,26.670088
780,95--95,43.641278,27.283252
781,95--100,44.261164,28.926338
782,95--105,49.203426,33.229358
783,95--110,54.146302,43.997693
784,95--115,49.569080,34.848968
785,95--120,46.319602,30.423886
786,95--125,44.489689,28.574546
787,95--130,46.349135,27.969297
788,95--135,47.666903,31.322666
789,95--140,53.591946,42.875335
790,95--145,56.946668,41.317398
791,95--150,56.172496,40.361114
792,95--155,57.945690,39.814282
793,95--160,54.126728,39.210144
794,95--165,65.654980,47.230406
795,95--170,58.369670,40.886708
796,95--175,62.747348,45.895528
797,95--180,61.294677,42.722181
798,95--185,63.037604,47.091875
799,95--190,65.273206,47.747892
800,95--195,52.903483,35.613197
801,100--0,0.028747,-0.045173
802,100--5,2.978672,8.948510
803,100--10,10.234737,17.913950
804,100--15,14.356064,20.454054
805,100--20,15.768805,18.506162
806,100--25,53.107872,37.449203
807,100--30,47.626731,33.558514
808,100--35,52.399393,37.834233
809,100--40,40.988618,19.842860
810,100--45,42.158345,22.559437
811,100--50,36.415468,19.430270
812,100--55,42.132114,23.888757
813,100--60,41.707952,23.091340
814,100--65,44.053982,26.605613
815,100--70,43.920727,26.074313
816,100--75,42.866252,25.273238
817,100--80,41.386751,23.826412
818,100--85,45.266832,29.783471
819,100--90,46.528580,29.543689
820,100--95,46.219670,29.709571
821,100--100,42.384054,22.648904
822,100--105,52.371517,35.339730
823,100--110,47.327173,31.371600
824,100--115,43.353236,27.000417
825,100--120,46.877653,31.259510
826,100--125,49.620844,33.948275
827,100--130,52.284178,36.729344
828,100--135,53.294703,37.118022
829,100--140,56.135374,39.508727
830,100--145,51.407161,36.333796
831,100--150,54.771089,39.262962
832,100--155,47.427336,31.878571
833,100--160,49.787966,35.048970
834,100--165,67.172437,50.958623
835,100--170,64.180730,45.204278
836,100--175,54.844357,39.274971
837,100--180,61.095637,45.616783
838,100--185,61.920114,41.519700
839,100--190,63.755763,47.410944
840,100--195,65.277052,45.363073
841,105--0,0.001403,0.000081
842,105--5,4.136786,4.902325
843,105--10,8.151515,11.848697
844,105--15,13.219382,17.235655
845,105--20,15.779787,18.513510
846,105--25,49.330240,35.143635
847,105--30,48.185493,14.927964
848,105--35,50.455947,28.323229
849,105--40,40.776742,11.617950
850,105--45,33.330739,32.927972
851,105--50,38.292508,20.207994
852,105--55,42.514574,24.218219
853,105--60,40.97667,21.99586
854,105--65,41.661547,22.966367
855,105--70,42.969977,24.419426
856,105--75,41.631077,22.335661
857,105--80,45.157500,29.239517
858,105--85,41.590187,24.205765
859,105--90,50.872074,43.184505
860,105--95,51.819787,43.616171
861,105--100,44.943460,27.660374
862,105--105,46.783546,32.643613
863,105--110,45.831450,29.135238
864,105--115,54.264041,43.926928
865,105--120,52.568781,35.077365
866,105--125,46.294439,30.807157
867,105--130,50.351224,33.425786
868,105--135,47.249434,31.544623
869,105--140,45.747482,29.908643
870,105--145,49.313661,33.798689
871,105--150,55.892351,39.189143
872,105--155,53.068967,41.689638
873,105--160,68.443236,56.714125
874,105--165,54.726442,36.235855
875,105--170,57.081390,39.993436
876,105--175,52.087448,39.216968
877,105--180,65.471742,48.143087
878,105--185,58.835907,40.910779
879,105--190,65.959363,46.065121
880,105--195,60.991259,43.693172
881,110--0,0.139625,0.116036
882,110--5,5.276423,6.784371
883,110--10,16.570864,14.659977
884,110--15,30.050676,24.691481
885,110--20,34.956295,27.117875
886,110--25,36.642474,29.682197
887,110--30,40.477503,36.400424
888,110--35,36.253093,14.503881
889,110--40,30.162481,31.188438
890,110--45,42.365454,17.253325
891,110--50,38.300638,19.486708
892,110--55,42.785021,25.027131
893,110--60,42.483444,24.633126
894,110--65,41.369674,23.407671
895,110--70,43.179266,25.456401
896,110--75,41.779642,22.314753
897,110--80,42.710773,24.650982
898,110--85,44.607086,29.936317
899,110--90,43.793656,25.414459
900,110--95,42.540852,24.466343
901,110--100,50.288980,34.990973
902,110--105,53.064999,37.443093
903,110--110,44.087715,26.408749
904,110--115,42.695443,25.365848
905,110--120,52.393007,37.380138
906,110--125,50.825875,36.859478
907,110--130,54.204504,38.766397
908,110--135,48.746324,33.316696
909,110--140,47.957162,33.842555
910,110--145,43.887437,29.531164
911,110--150,52.491826,36.882526
912,110--155,54.636703,38.600832
913,110--160,50.955822,35.691490
914,110--165,51.614477,37.188863
915,110--170,48.038297,32.748680
916,110--175,61.100666,43.442373
917,110--180,52.914754,37.577910
918,110--185,48.683435,34.317062
919,110--190,57.081719,39.042466
920,110--195,58.391400,41.954723
921,115--0,-0.074243,0.014260
922,115--5,6.146813,8.119290
923,115--10,8.863728,10.240038
924,115--15,20.708775,34.895992
925,115--20,32.167546,31.310005
926,115--25,19.660887,22.817799
927,115--30,49.449793,25.115890
928,115--35,52.471734,23.859204
929,115--40,35.741398,7.798899
930,115--45,38.390263,26.871411
931,115--50,41.512228,23.336129
932,115--55,38.895278,18.590633
933,115--60,40.690550,22.351038
934,115--65,39.405053,21.899353
935,115--70,40.114810,21.910996
936,115--75,40.218688,22.233636
937,115--80,40.714876,23.018136
938,115--85,43.824063,24.860986
939,115--90,45.043214,25.200124
940,115--95,42.437950,24.957886
941,115--100,44.834038,29.011682
942,115--105,44.428404,26.227577
943,115--110,50.182806,34.999318
944,115--115,44.901201,29.831202
945,115--120,45.055194,30.291353
946,115--125,51.458592,36.041023
947,115--130,45.383742,29.054678
948,115--135,51.015378,34.122005
949,115--140,47.477993,29.889686
950,115--145,62.292871,45.466469
951,115--150,44.539556,28.905281
952,115--155,61.559641,46.098662
953,115--160,58.107082,39.995022
954,115--165,53.172288,34.462273
955,115--170,53.981875,39.533565
956,115--175,51.103440,34.662901
957,115--180,60.312398,42.517223
958,115--185,59.367618,42.165931
959,115--190,66.426128,49.941438
960,115--195,65.921205,48.684011
961,120--0,-0.072818,0.053865
962,120--5,3.280213,4.450172
963,120--10,6.138769,6.623110
964,120--15,11.110505,9.398189
965,120--20,30.671594,28.412808
966,120--25,39.812195,32.221257
967,120--30,39.704437,33.142417
968,120--35,40.717830,33.461368
969,120--40,49.973769,32.366627
970,120--45,51.248966,37.222497
971,120--50,50.153308,34.360110
972,120--55,46.742827,36.839210
973,120--60,40.623281,22.179442
974,120--65,45.502781,21.850699
975,120--70,41.083156,22.219773
976,120--75,41.181153,17.904618
977,120--80,41.265986,16.483307
978,120--85,40.467931,23.003715
979,120--90,41.616731,23.610256
980,120--95,41.731542,21.063074
981,120--100,42.478308,24.775142
982,120--105,40.995749,22.783854
983,120--110,42.763567,24.970254
984,120--115,42.590264,24.734274
985,120--120,44.079920,26.205605
986,120--125,44.883092,28.519202
987,120--130,45.562893,29.365603
988,120--135,45.135255,28.296452
989,120--140,44.613392,28.016547
990,120--145,41.436486,24.209263
991,120--150,43.747355,27.852459
992,120--155,49.356566,33.306672
993,120--160,53.779176,43.981161
994,120--165,47.948849,31.687555
995,120--170,41.614531,24.185798
996,120--175,50.159879,35.768616
997,120--180,52.167933,35.901893
998,120--185,54.164907,43.780806
999,120--190,60.859074,43.092318
1000,120--195,51.655864,35.720921
1001,125--0,-0.027263,-0.005476
1002,125--5,3.062755,3.008806
1003,125--10,5.992762,7.536371
1004,125--15,7.977237,9.372191
1005,125--20,25.155807,21.804782
1006,125--25,13.197448,15.491300
1007,125--30,28.670347,29.209475
1008,125--35,44.812932,33.507013
1009,125--40,36.722327,34.700822
1010,125--45,49.275653,37.378419
1011,125--50,45.546354,11.039448
1012,125--55,47.320916,11.004502
1013,125--60,37.063817,20.290592
1014,125--65,36.169056,21.814006
1015,125--70,40.985628,22.171887
1016,125--75,41.971482,21.756019
1017,125--80,42.018271,24.136035
1018,125--85,41.338436,23.025744
1019,125--90,43.420621,25.001674
1020,125--95,43.285351,24.810655
1021,125--100,42.249258,24.794293
1022,125--105,42.900586,24.910267
1023,125--110,41.646378,23.557240
1024,125--115,44.417296,27.331414
1025,125--120,43.727165,27.028318
1026,125--125,43.118257,25.539071
1027,125--130,43.671991,27.282628
1028,125--135,47.334919,30.065208
1029,125--140,43.471636,26.304258
1030,125--145,52.152998,43.726393
1031,125--150,45.083850,29.184251
1032,125--155,53.272913,43.959561
1033,125--160,48.189448,31.419525
1034,125--165,44.770492,27.573771
1035,125--170,50.184264,35.281957
1036,125--175,43.975017,27.351026
1037,125--180,46.704800,31.233716
1038,125--185,46.533299,30.622202
1039,125--190,45.988015,30.986840
1040,125--195,53.029105,35.172983
1041,130--0,0.248425,0.119611
1042,130--5,2.878916,3.698849
1043,130--10,5.621058,8.940902
1044,130--15,7.977075,12.222051
1045,130--20,17.481220,26.882864
1046,130--25,34.966746,33.558186
1047,130--30,36.688841,36.419126
1048,130--35,36.684976,30.972081
1049,130--40,46.383050,34.901396
1050,130--45,52.925960,34.271523
1051,130--50,45.543707,31.058198
1052,130--55,41.807044,36.317008
1053,130--60,37.454411,32.184150
1054,130--65,37.415040,19.214736
1055,130--70,45.855117,33.238613
1056,130--75,40.566193,22.518485
1057,130--80,43.848708,26.882230
1058,130--85,40.926831,22.808056
1059,130--90,41.577261,22.832650
1060,130--95,41.997854,23.206025
1061,130--100,41.730578,23.518000
1062,130--105,44.354233,28.131932
1063,130--110,45.940423,28.973968
1064,130--115,42.960387,25.369850
1065,130--120,42.066728,20.393058
1066,130--125,45.279207,29.194844
1067,130--130,42.870435,24.679342
1068,130--135,44.415430,27.678619
1069,130--140,53.153376,35.623192
1070,130--145,45.175156,28.105710
1071,130--150,51.595489,35.711944
1072,130--155,45.322927,29.605309
1073,130--160,45.747232,30.045243
1074,130--165,45.261702,27.940436
1075,130--170,45.789380,29.880027
1076,130--175,54.274230,43.897892
1077,130--180,41.780929,24.095509
1078,130--185,50.294226,35.650625
1079,130--190,43.407424,25.785513
1080,130--195,52.358386,36.599282
1081,135--0,0.059164,-0.192769
1082,135--5,2.789862,3.369352
1083,135--10,8.002336,6.951870
1084,135--15,9.336136,10.118929
1085,135--20,13.146722,18.344620
1086,135--25,18.332310,23.094499
1087,135--30,30.854888,31.505670
1088,135--35,48.944212,36.359731
1089,135--40,37.199685,36.869785
1090,135--45,51.077657,35.496066
1091,135--50,43.905279,10.039097
1092,135--55,41.792806,23.037766
1093,135--60,43.135731,15.054885
1094,135--65,41.289423,16.522689
1095,135--70,41.600971,22.164462
1096,135--75,41.572071,23.144218
1097,135--80,40.598710,20.948512
1098,135--85,42.320217,23.924470
1099,135--90,43.364818,16.692311
1100,135--95,43.097803,24.920943
1101,135--100,42.955656,25.207181
1102,135--105,42.644888,24.641129
1103,135--110,43.237691,25.053463
1104,135--115,43.361569,27.969854
1105,135--120,43.309822,24.796398
1106,135--125,44.853096,28.159985
1107,135--130,43.789718,26.505799
1108,135--135,48.444185,33.204312
1109,135--140,42.398285,24.270975
1110,135--145,49.293944,34.065637
1111,135--150,46.465367,30.551178
1112,135--155,42.382335,24.062561
1113,135--160,46.811921,31.454655
1114,135--165,48.042551,32.697494
1115,135--170,45.410562,29.288806
1116,135--175,58.881539,38.877947
1117,135--180,47.025715,31.749909
1118,135--185,45.016534,28.863182
1119,135--190,43.040894,26.404590
1120,135--195,54.699364,37.934496
1121,140--0,0.349556,-0.095935
1122,140--5,3.403216,3.361166
1123,140--10,7.162116,7.423480
1124,140--15,9.124536,14.989609
1125,140--20,13.735200,17.018333
1126,140--25,20.159934,25.361202
1127,140--30,38.422636,36.072453
1128,140--35,42.144894,36.085687
1129,140--40,20.841676,24.050471
1130,140--45,46.600478,22.376446
1131,140--50,52.169422,37.830776
1132,140--55,53.332206,38.363972
1133,140--60,30.123803,31.118151
1134,140--65,49.283763,28.007940
1135,140--70,41.810976,23.622497
1136,140--75,42.938614,24.711234
1137,140--80,37.945417,20.726518
1138,140--85,40.122503,36.743618
1139,140--90,43.621872,25.531525
1140,140--95,43.148233,25.192327
1141,140--100,41.584157,23.596289
1142,140--105,41.289535,22.798231
1143,140--110,45.202835,28.323796
1144,140--115,41.545669,22.319557
1145,140--120,44.557643,26.932851
1146,140--125,41.799781,23.580486
1147,140--130,43.942978,27.131106
1148,140--135,43.852654,27.051786
1149,140--140,45.884711,30.621387
1150,140--145,45.226574,29.406064
1151,140--150,42.452250,24.373653
1152,140--155,46.892824,30.693206
1153,140--160,44.580323,28.055690
1154,140--165,51.073856,34.535500
1155,140--170,50.600150,34.271273
1156,140--175,53.330817,35.248807
1157,140--180,43.437039,26.443682
1158,140--185,58.374483,42.334342
1159,140--190,65.268881,50.579059
1160,140--195,57.010996,41.023512
1161,145--0,-0.240154,0.305042
1162,145--5,3.158846,2.867884
1163,145--10,8.094304,9.202810
1164,145--15,11.614711,14.212360
1165,145--20,21.511031,23.813754
1166,145--25,40.917799,30.095123
1167,145--30,34.148584,34.558832
1168,145--35,40.238606,32.735343
1169,145--40,51.945662,35.236364
1170,145--45,41.625822,10.827175
1171,145--50,51.099705,36.641126
1172,145--55,52.599670,36.620277
1173,145--60,49.471322,39.107525
1174,145--65,41.216304,23.017852
1175,145--70,43.981836,22.392325
1176,145--75,39.061765,28.952232
1177,145--80,41.617952,23.150657
1178,145--85,44.206433,27.006426
1179,145--90,45.592650,27.743929
1180,145--95,42.207544,24.580906
1181,145--100,44.402114,39.512508
1182,145--105,41.290471,22.787967
1183,145--110,43.161843,25.333083
1184,145--115,43.772914,27.935914
1185,145--120,47.730336,31.319816
1186,145--125,43.862539,27.867948
1187,145--130,44.513218,27.522979
1188,145--135,46.127357,29.173132
1189,145--140,41.577573,24.853570
1190,145--145,49.007732,34.609167
1191,145--150,46.576912,29.098129
1192,145--155,43.444646,26.821113
1193,145--160,47.085934,31.170575
1194,145--165,44.811427,27.812157
1195,145--170,51.688236,36.624251
1196,145--175,51.796170,36.884579
1197,145--180,54.278247,43.838371
1198,145--185,52.100697,36.071203
1199,145--190,48.806791,33.436060
1200,145--195,43.331336,26.195785
1201,150--0,-0.091942,0.131925
1202,150--5,2.909523,3.007641
1203,150--10,5.758190,7.205556
1204,150--15,8.948246,10.435114
1205,150--20,23.261350,16.571224
1206,150--25,16.702760,15.015189
1207,150--30,15.791917,18.505505
1208,150--35,29.654833,33.172875
1209,150--40,52.448579,35.050379
1210,150--45,44.322500,38.569092
1211,150--50,41.579445,10.767430
1212,150--55,38.805330,16.896076
1213,150--60,41.373389,22.373832
1214,150--65,39.516827,15.843393
1215,150--70,41.889920,22.782089
1216,150--75,36.956318,26.767583
1217,150--80,42.197766,23.275398
1218,150--85,42.213446,24.221519
1219,150--90,41.748834,23.589869
1220,150--95,42.133409,23.826378
1221,150--100,42.581841,23.642692
1222,150--105,44.100075,26.105099
1223,150--110,46.455194,40.889907
1224,150--115,47.392183,41.563556
1225,150--120,44.287218,28.024257
1226,150--125,45.458970,28.923163
1227,150--130,47.73457,31.22672
1228,150--135,45.239861,29.426423
1229,150--140,45.453306,29.395325
1230,150--145,47.878800,31.591542
1231,150--150,46.661177,30.857517
1232,150--155,43.562213,28.288815
1233,150--160,41.545932,23.994673
1234,150--165,55.822382,39.286226
1235,150--170,50.946022,36.582901
1236,150--175,54.273989,43.898840
1237,150--180,48.984997,33.837004
1238,150--185,45.999663,29.598402
1239,150--190,50.146828,35.787262
1240,150--195,57.789408,40.267422
1241,155--0,0.025548,0.046671
1242,155--5,2.885651,3.614175
1243,155--10,5.773705,8.059573
1244,155--15,11.348504,17.498975
1245,155--20,20.922864,20.792634
1246,155--25,15.642352,23.510157
1247,155--30,39.574279,33.836041
1248,155--35,32.285587,32.597449
1249,155--40,49.300349,36.677952
1250,155--45,52.226217,20.032932
1251,155--50,41.972715,29.335964
1252,155--55,37.440701,14.002159
1253,155--60,47.820558,35.140106
1254,155--65,46.986822,12.934236
1255,155--70,46.992055,26.570607
1256,155--75,42.174237,18.387575
1257,155--80,41.782736,22.357379
1258,155--85,40.880953,22.504550
1259,155--90,42.138307,23.771797
1260,155--95,42.377256,24.168749
1261,155--100,42.510552,24.014264
1262,155--105,42.360209,25.866056
1263,155--110,42.215477,20.518830
1264,155--115,44.067098,26.245022
1265,155--120,43.910942,27.426937
1266,155--125,44.527787,26.976087
1267,155--130,43.701319,25.202717
1268,155--135,49.621685,34.826587
1269,155--140,42.770464,24.626187
1270,155--145,44.927942,28.446016
1271,155--150,44.094575,25.571555
1272,155--155,50.411634,34.337693
1273,155--160,49.822494,34.943042
1274,155--165,44.558780,28.502525
1275,155--170,46.246929,30.163979
1276,155--175,47.224360,32.226732
1277,155--180,47.558005,32.895051
1278,155--185,52.799181,36.745426
1279,155--190,43.367961,26.437921
1280,155--195,52.521831,37.147108
1281,160--0,-0.153595,-0.160241
1282,160--5,0.915410,6.524681
1283,160--10,8.976265,8.244615
1284,160--15,11.781428,17.185682
1285,160--20,14.075177,20.102844
1286,160--25,17.264771,21.417387
1287,160--30,31.073385,28.954452
1288,160--35,48.138293,36.288766
1289,160--40,48.666485,37.310214
1290,160--45,41.959924,20.806128
1291,160--50,52.588048,37.817878
1292,160--55,51.550503,34.612219
1293,160--60,32.818713,19.514208
1294,160--65,47.044947,14.043071
1295,160--70,41.494226,22.859835
1296,160--75,41.695909,23.733070
1297,160--80,41.936664,23.761770
1298,160--85,42.223082,24.655338
1299,160--90,41.444750,22.772501
1300,160--95,43.608879,25.276905
1301,160--100,42.596775,24.728330
1302,160--105,42.477169,24.853284
1303,160--110,41.823050,23.330642
1304,160--115,46.062627,29.493367
1305,160--120,40.875356,22.794070
1306,160--125,40.986115,22.090985
1307,160--130,47.178007,30.666590
1308,160--135,44.741571,27.225313
1309,160--140,47.038561,30.555271
1310,160--145,49.428770,32.653354
1311,160--150,44.735676,28.601128
1312,160--155,46.812755,31.373027
1313,160--160,48.096704,32.868908
1314,160--165,56.518531,40.337970
1315,160--170,48.196111,33.986573
1316,160--175,57.363352,39.827596
1317,160--180,49.630507,33.737977
1318,160--185,50.499278,35.149959
1319,160--190,51.456400,35.627178
1320,160--195,51.589623,35.500489
1321,165--0,-0.195360,0.064581
1322,165--5,2.681818,3.483356
1323,165--10,6.735952,7.874172
1324,165--15,10.615054,9.816489
1325,165--20,16.515394,25.313357
1326,165--25,25.121935,36.004193
1327,165--30,15.775799,18.510984
1328,165--35,18.256195,21.457331
1329,165--40,48.726763,37.050238
1330,165--45,49.626885,36.038445
1331,165--50,43.992868,23.705094
1332,165--55,41.114527,18.651748
1333,165--60,50.84634,37.53818
1334,165--65,39.276625,18.397133
1335,165--70,41.151795,22.203932
1336,165--75,36.321321,34.595908
1337,165--80,41.428290,22.655343
1338,165--85,42.244808,24.742546
1339,165--90,41.669105,23.729566
1340,165--95,41.666024,21.379130
1341,165--100,38.784778,19.499311
1342,165--105,42.943175,25.601651
1343,165--110,43.694973,25.937826
1344,165--115,47.366434,41.538333
1345,165--120,42.438052,24.830131
1346,165--125,42.721365,25.085922
1347,165--130,44.619371,28.786662
1348,165--135,45.727614,29.739723
1349,165--140,47.473016,31.571887
1350,165--145,46.078130,29.689123
1351,165--150,45.653243,29.459225
1352,165--155,44.310924,27.853339
1353,165--160,47.957529,33.093066
1354,165--165,42.012491,24.009637
1355,165--170,44.920119,28.589282
1356,165--175,46.548893,31.946257
1357,165--180,54.277440,43.837115
1358,165--185,45.383779,29.715354
1359,165--190,49.721047,33.168945
1360,165--195,46.626242,31.472039
1361,170--0,-0.068879,-0.312583
1362,170--5,2.971275,3.528228
1363,170--10,8.547276,8.940097
1364,170--15,17.173404,14.254678
1365,170--20,20.194856,19.746976
1366,170--25,26.800466,29.954510
1367,170--30,32.500537,29.970396
1368,170--35,25.065600,28.727212
1369,170--40,52.449461,23.531872
1370,170--45,52.216883,37.883031
1371,170--50,36.108073,15.642107
1372,170--55,42.105604,14.939124
1373,170--60,46.071364,29.319987
1374,170--65,38.598384,22.577506
1375,170--70,34.279572,33.487220
1376,170--75,41.339037,15.261080
1377,170--80,41.912479,22.833764
1378,170--85,54.338682,42.783331
1379,170--90,41.712317,23.061224
1380,170--95,42.504227,25.938303
1381,170--100,44.549829,26.444677
1382,170--105,41.820008,23.295510
1383,170--110,44.035616,27.008352
1384,170--115,44.649716,27.802665
1385,170--120,48.226331,31.434122
1386,170--125,43.619451,25.945882
1387,170--130,43.089455,24.608750
1388,170--135,45.330729,29.329413
1389,170--140,44.438473,28.753542
1390,170--145,45.705964,30.106973
1391,170--150,44.746032,28.117680
1392,170--155,46.792224,31.748825
1393,170--160,45.159510,29.120446
1394,170--165,45.584043,30.199284
1395,170--170,56.652794,38.767853
1396,170--175,44.654352,29.277095
1397,170--180,48.938018,34.154217
1398,170--185,54.164607,43.784317
1399,170--190,46.118444,30.683685
1400,170--195,47.556095,31.077182
1401,175--0,-0.175277,-0.164441
1402,175--5,3.346738,2.932061
1403,175--10,5.320068,6.254094
1404,175--15,7.713899,13.218214
1405,175--20,12.547543,14.423215
1406,175--25,28.777373,26.173094
1407,175--30,37.206006,36.732602
1408,175--35,27.228750,25.615109
1409,175--40,41.844876,36.720102
1410,175--45,23.345250,26.121553
1411,175--50,34.298865,15.354074
1412,175--55,28.099271,29.726864
1413,175--60,49.790618,6.784284
1414,175--65,41.997953,23.488518
1415,175--70,41.255313,23.716680
1416,175--75,37.939536,21.115429
1417,175--80,41.618136,18.458423
1418,175--85,41.655621,21.411463
1419,175--90,42.052692,24.750485
1420,175--95,41.225812,23.344149
1421,175--100,42.951394,25.043409
1422,175--105,42.097454,23.365216
1423,175--110,44.306488,26.943937
1424,175--115,42.543964,24.377687
1425,175--120,42.195306,23.673250
1426,175--125,43.188283,25.355631
1427,175--130,45.000736,28.315518
1428,175--135,48.138895,33.218365
1429,175--140,46.156551,29.128201
1430,175--145,44.330127,27.794418
1431,175--150,49.890056,33.223693
1432,175--155,48.800654,30.895910
1433,175--160,43.716062,27.225132
1434,175--165,43.250456,26.140106
1435,175--170,44.913970,29.496153
1436,175--175,58.831903,47.635843
1437,175--180,47.971342,32.008729
1438,175--185,51.358734,35.820879
1439,175--190,60.625070,47.953354
1440,175--195,47.614235,30.864859
1441,180--0,-0.029334,-0.114225
1442,180--5,2.670447,3.139371
1443,180--10,6.568711,7.983363
1444,180--15,12.607859,18.108858
1445,180--20,18.504178,19.525323
1446,180--25,17.832043,22.382197
1447,180--30,34.753723,30.507190
1448,180--35,43.527895,31.714282
1449,180--40,53.026932,35.125617
1450,180--45,52.500018,36.556017
1451,180--50,43.734411,21.612658
1452,180--55,37.547968,18.423430
1453,180--60,39.139254,11.765254
1454,180--65,41.564792,22.381670
1455,180--70,41.941038,23.486620
1456,180--75,38.003938,20.564367
1457,180--80,41.957682,22.930982
1458,180--85,41.055640,22.494627
1459,180--90,43.423632,25.250473
1460,180--95,41.725738,23.344994
1461,180--100,41.908858,23.384485
1462,180--105,43.509734,25.353987
1463,180--110,41.130501,22.870293
1464,180--115,41.846757,24.775801
1465,180--120,48.278201,42.129077
1466,180--125,39.985033,22.742524
1467,180--130,45.085206,27.784258
1468,180--135,47.840932,33.409214
1469,180--140,42.615080,24.781969
1470,180--145,42.051902,24.240368
1471,180--150,50.483635,34.405418
1472,180--155,44.844116,28.588171
1473,180--160,45.316082,28.859331
1474,180--165,50.994255,35.357050
1475,180--170,46.681045,30.727663
1476,180--175,47.306976,32.029534
1477,180--180,53.804346,37.081054
1478,180--185,46.116811,30.250330
1479,180--190,43.543648,25.931080
1480,180--195,50.479183,33.569085
1481,185--0,-0.029566,-0.025477
1482,185--5,3.417043,3.618014
1483,185--10,6.403378,9.791606
1484,185--15,9.514134,12.665529
1485,185--20,27.674143,26.965521
1486,185--25,20.510179,23.799457
1487,185--30,30.759358,30.684475
1488,185--35,34.255656,30.965361
1489,185--40,42.845329,37.181059
1490,185--45,49.668754,35.953770
1491,185--50,50.083376,30.553784
1492,185--55,51.318149,35.744265
1493,185--60,43.994209,14.262373
1494,185--65,36.640454,15.673938
1495,185--70,42.438499,24.211891
1496,185--75,50.177634,16.578615
1497,185--80,41.155184,22.983192
1498,185--85,49.547269,41.256358
1499,185--90,41.885605,22.405008
1500,185--95,42.867951,24.486000
1501,185--100,39.958435,23.396126
1502,185--105,43.824905,25.513059
1503,185--110,42.879742,25.480693
1504,185--115,47.892871,31.316131
1505,185--120,41.104151,20.619035
1506,185--125,41.647668,23.674747
1507,185--130,50.067563,42.885889
1508,185--135,45.484572,30.164626
1509,185--140,44.718707,28.197051
1510,185--145,46.990515,31.560649
1511,185--150,55.211309,37.353754
1512,185--155,46.683660,32.001935
1513,185--160,45.497387,28.984785
1514,185--165,44.402905,27.451265
1515,185--170,46.551999,30.284853
1516,185--175,50.518609,34.476293
1517,185--180,44.292777,28.424721
1518,185--185,55.873183,39.016646
1519,185--190,45.341686,29.779601
1520,185--195,54.346720,37.952265
1521,190--0,0.206690,0.183841
1522,190--5,2.798485,3.760423
1523,190--10,5.784227,6.883163
1524,190--15,22.665758,14.517458
1525,190--20,10.945023,16.754409
1526,190--25,18.193728,20.040151
1527,190--30,21.137848,31.959282
1528,190--35,30.847191,31.627329
1529,190--40,52.012381,37.382166
1530,190--45,34.507264,27.939040
1531,190--50,31.852498,26.676733
1532,190--55,53.094361,38.336059
1533,190--60,40.910678,23.590160
1534,190--65,32.196484,32.402209
1535,190--70,40.838924,16.908118
1536,190--75,41.878260,24.114294
1537,190--80,42.769572,24.697046
1538,190--85,40.954027,23.383439
1539,190--90,41.676606,37.774778
1540,190--95,40.610586,23.929656
1541,190--100,46.122817,30.178606
1542,190--105,40.370473,22.535597
1543,190--110,43.762086,26.333647
1544,190--115,43.844740,26.606446
1545,190--120,42.411384,24.391152
1546,190--125,42.943356,25.604279
1547,190--130,43.957528,27.060765
1548,190--135,41.466533,23.349552
1549,190--140,43.768791,27.087957
1550,190--145,43.044553,25.670244
1551,190--150,45.220126,28.372014
1552,190--155,43.465025,25.816643
1553,190--160,55.937371,35.317392
1554,190--165,48.334621,33.222345
1555,190--170,42.803773,25.500287
1556,190--175,47.762389,31.999510
1557,190--180,46.056746,29.689864
1558,190--185,48.122127,32.529538
1559,190--190,49.816276,35.652334
1560,190--195,50.075648,35.410917
1561,195--0,-0.001944,-0.002666
1562,195--5,2.827355,4.547446
1563,195--10,7.235671,7.559381
1564,195--15,10.600761,9.299705
1565,195--20,10.570976,12.423614
1566,195--25,26.751791,29.943652
1567,195--30,41.954523,33.329285
1568,195--35,39.890096,37.001607
1569,195--40,50.377357,37.414923
1570,195--45,43.647019,36.044029
1571,195--50,52.619992,25.014120
1572,195--55,46.233152,25.314861
1573,195--60,38.535111,11.064227
1574,195--65,40.426566,21.650741
1575,195--70,39.495945,19.135811
1576,195--75,37.532254,15.108436
1577,195--80,39.279697,20.385018
1578,195--85,41.537118,22.260930
1579,195--90,41.825973,23.575088
1580,195--95,42.127752,19.396208
1581,195--100,45.728192,29.042344
1582,195--105,41.853993,22.763253
1583,195--110,41.436484,22.337141
1584,195--115,40.626186,21.683024
1585,195--120,41.558257,24.351065
1586,195--125,43.916404,25.519563
1587,195--130,44.259693,27.752377
1588,195--135,50.721154,33.668462
1589,195--140,41.928036,25.174285
1590,195--145,44.373922,27.248818
1591,195--150,55.328431,39.410521
1592,195--155,41.465601,23.569070
1593,195--160,44.503048,27.496930
1594,195--165,43.248760,25.430657
1595,195--170,45.767611,29.772468
1596,195--175,44.851457,28.671360
1597,195--180,48.156196,32.057052
1598,195--185,49.655021,35.165014
1599,195--190,49.507562,34.697594
1600,195--195,62.259030,42.804257
